"","bigram","The_Sun","Afro_American","total_n"
"1","cheltenham school",332,59,391
"2","grand jury",261,112,373
"3","colored boys",240,89,329
"4","training school",254,24,278
"5","receiving stolen",178,2,180
"6","juvenile court",80,74,154
"7","baltimore city",116,34,150
"8","negro boys",137,2,139
"9","prince george's",130,8,138
"10","maryland training",123,12,135
"11","reform school",31,98,129
"12","colored race",104,16,120
"13","george's county",108,4,112
"14","employment commissioner",109,1,110
"15","criminal court",92,11,103
"16","governor o'conor",99,3,102
"17","feeble minded",80,13,93
"18","st mary's",80,11,91
"19","colored house",81,5,86
"20","public welfare",75,6,81
"21","city council",60,18,78
"22","cheltenham board",60,17,77
"23","circuit court",65,10,75
"24","colored girls",55,18,73
"25","johns hopkins",60,11,71
"26","cheltenham reformatory",37,31,68
"27","governor nice",59,6,65
"28","court judge",60,3,63
"29","1 1",31,32,63
"30","baltimore sun",56,5,61
"31","colored people",17,44,61
"32","cheltenham md",36,24,60
"33","industrial school",43,15,58
"34","training schools",53,2,55
"35","police station",35,20,55
"36","southern maryland",50,4,54
"37","upper marlboro",41,13,54
"38","cheltenham prince",43,9,52
"39","state's attorney",37,14,51
"40","vice president",47,2,49
"41","rev dr",40,9,49
"42","episcopal church",41,6,47
"43","baltimore county",39,6,45
"44","enoch pratt",40,3,43
"45","cottage master",35,8,43
"46","princess anne",26,17,43
"47","colored children",20,23,43
"48","governor ritchie",27,15,42
"49","judge joseph",37,4,41
"50","judge ulman",36,4,40
"51","prince georges",16,24,40
"52","baltimore md",29,10,39
"53","morgan college",20,19,39
"54","eastern shore",30,8,38
"55","broom factory",11,27,38
"56","georges county",16,22,38
"57","judge robert",34,2,36
"58","miss annie",34,2,36
"59","jim crow",5,31,36
"60","anne arundel",30,6,36
"61","dr george",22,14,36
"62","hopkins university",33,2,35
"63","charles street",31,4,35
"64","teachers college",28,7,35
"65","urban league",8,27,35
"66","sunday school",25,9,34
"67","bond issue",31,2,33
"68","baptist church",3,30,33
"69","penal institutions",27,6,33
"70","york city",9,24,33
"71","juvenile delinquents",31,1,32
"72","cheltenham reform",4,28,32
"73","judge frank",30,1,31
"74","juvenile delinquency",27,4,31
"75","public schools",19,12,31
"76","jury report",16,15,31
"77","school board",15,16,31
"78","assistant superintendent",25,5,30
"79","police court",18,12,30
"80","grand juries",15,15,30
"81","supreme bench",25,4,29
"82","city jail",22,7,29
"83","atlantic city",20,9,29
"84","st paul",25,3,28
"85","methodist episcopal",23,5,28
"86","prisoners aid",22,6,28
"87","druid hill",9,19,28
"88","habeas corpus",19,9,28
"89","weeks ago",17,11,28
"90","maryland house",12,16,28
"91","mayor broening",16,12,28
"92","parole officer",16,12,28
"93","provident hospital",3,24,27
"94","executive secretary",21,6,27
"95","aid society",20,7,27
"96","trust company",25,1,26
"97","acting superintendent",21,5,26
"98","world war",21,5,26
"99","enoch harlan",20,6,26
"100","fayette street",19,7,26
"101","judge thomas",16,10,26
"102","months ago",16,10,26
"103","city court",24,1,25
"104","conscientious objectors",21,4,25
"105","st louis",16,9,25
"106","george brooke",1,23,24
"107","smith jr",1,23,24
"108","william wood",1,23,24
"109","street baltimore",2,22,24
"110","marlboro md",20,4,24
"111","catholic church",19,5,24
"112","park avenue",17,7,24
"113","judge williams",16,8,24
"114","district police",12,12,24
"115","athletic club",21,2,23
"116","city hall",21,2,23
"117","correctional institutions",20,3,23
"118","loch raven",20,3,23
"119","cheltenham institution",17,6,23
"120","dr william",14,9,23
"121","madison avenue",10,13,23
"122","bragg jr",12,11,23
"123","mayor jackson",12,11,23
"124","child welfare",21,1,22
"125","miss amanda",21,1,22
"126","police department",19,3,22
"127","city charities",18,4,22
"128","50 cents",16,6,22
"129","monday night",16,6,22
"130","howard university",7,15,22
"131","miss mary",9,13,22
"132","republican party",10,12,22
"133","administration building",20,1,21
"134","days ago",18,3,21
"135","july 1",18,3,21
"136","operating expenses",3,18,21
"137","annual meeting",17,4,21
"138","arundel county",17,4,21
"139","colored citizens",4,17,21
"140","presbyterian church",17,4,21
"141","colored teachers",6,15,21
"142","rev george",9,12,21
"143","chief judge",19,1,20
"144","common pleas",19,1,20
"145","judge george",19,1,20
"146","judge eugene",18,2,20
"147","civil service",17,3,20
"148","june 30",17,3,20
"149","baltimore street",15,5,20
"150","colored youth",5,15,20
"151","delinquent boys",15,5,20
"152","maryland school",14,6,20
"153","cheltenham house",11,9,20
"154","montgomery county",18,1,19
"155","motor vehicles",18,1,19
"156","roads commission",18,1,19
"157","frederick county",17,2,19
"158","boys cheltenham",16,3,19
"159","manual training",16,3,19
"160","public service",16,3,19
"161","funeral services",15,4,19
"162","west virginia",15,4,19
"163","fourth district",14,5,19
"164","public school",14,5,19
"165","methodist church",12,7,19
"166","north carolina",12,7,19
"167","thursday night",12,7,19
"168","white boys",12,7,19
"169","saturday night",15,3,18
"170","judge o'dunne",14,4,18
"171","county md",13,5,18
"172","eligible list",16,1,17
"173","judge john",16,1,17
"174","aid association",15,2,17
"175","university hospital",15,2,17
"176","main building",14,3,17
"177","normal school",3,14,17
"178","reform schools",3,14,17
"179","30 days",13,4,17
"180","criminal justice",13,4,17
"181","executive committee",13,4,17
"182","boys committed",12,5,17
"183","hill avenue",5,12,17
"184","proper care",5,12,17
"185","annapolis md",11,6,17
"186","school teachers",6,11,17
"187","city councilman",7,10,17
"188","mayor hayes",7,10,17
"189","east baltimore",9,8,17
"190","richmond va",8,9,17
"191","howard county",15,1,16
"192","south baltimore",15,1,16
"193","selective service",14,2,16
"194","colored persons",3,13,16
"195","dr john",13,3,16
"196","north charles",13,3,16
"197","school's board",13,3,16
"198","water supply",12,4,16
"199","absolute divorce",10,6,16
"200","jury committee",10,6,16
"201","cottage masters",9,7,16
"202","hopkins hospital",9,7,16
"203","western police",8,8,16
"204","judge adams",14,1,15
"205","george washington",12,3,15
"206","maryland penitentiary",12,3,15
"207","mcculloh street",3,12,15
"208","pleaded guilty",12,3,15
"209","school building",12,3,15
"210","gilmor street",4,11,15
"211","henry watson",11,4,15
"212","delinquent colored",10,5,15
"213","ice cream",10,5,15
"214","franklin street",6,9,15
"215","law school",9,6,15
"216","saratoga street",6,9,15
"217","school system",6,9,15
"218","eutaw street",7,8,15
"219","northwestern police",7,8,15
"220","chief engineer",13,1,14
"221","children's aid",13,1,14
"222","delinquent children",13,1,14
"223","juvenile offenders",13,1,14
"224","mental defectives",13,1,14
"225","civil war",12,2,14
"226","gen thomas",12,2,14
"227","5 feet",3,11,14
"228","north avenue",11,3,14
"229","red cross",11,3,14
"230","student body",11,3,14
"231","dining hall",10,4,14
"232","st peter",4,10,14
"233","week's news",10,4,14
"234","boy scout",5,9,14
"235","social worker",9,5,14
"236","special committee",9,5,14
"237","friday night",8,6,14
"238","st elizabeth's",6,8,14
"239","time ago",8,6,14
"240","white people",8,6,14
"241","bar association",7,7,14
"242","colored woman",7,7,14
"243","maryland tobacco",12,1,13
"244","minded children",12,1,13
"245","negro institution",12,1,13
"246","training program",12,1,13
"247","tuberculosis sanatoria",12,1,13
"248","chief parole",11,2,13
"249","janney secretary",11,2,13
"250","means committee",11,2,13
"251","october 1",11,2,13
"252","public health",11,2,13
"253","san francisco",11,2,13
"254","vocational training",11,2,13
"255","washington d.c",2,11,13
"256","1 2",10,3,13
"257","cheltenham boys",3,10,13
"258","police force",10,3,13
"259","june 20",9,4,13
"260","privately owned",9,4,13
"261","county school",8,5,13
"262","hampton institute",5,8,13
"263","industrial home",5,8,13
"264","private institution",8,5,13
"265","reformatory institutions",8,5,13
"266","rubber hose",8,5,13
"267","northwestern district",6,7,13
"268","11 o'clock",11,1,12
"269","cheltenham post",11,1,12
"270","construction program",11,1,12
"271","dr henry",11,1,12
"272","governor o'conor's",11,1,12
"273","harford county",11,1,12
"274","howard street",11,1,12
"275","january 1",11,1,12
"276","blandford president",10,2,12
"277","colored voters",2,10,12
"278","melvale school",2,10,12
"279","superintendent pyles",2,10,12
"280","tuesday night",10,2,12
"281","watson children's",10,2,12
"282","dr james",9,3,12
"283","grand jury's",9,3,12
"284","justice commission",9,3,12
"285","madison street",9,3,12
"286","pennsylvania avenue",3,9,12
"287","police commissioner",9,3,12
"288","accident commission",8,4,12
"289","committee appointed",8,4,12
"290","disorderly conduct",8,4,12
"291","power plant",7,5,12
"292","special report",7,5,12
"293","st james",5,7,12
"294","300 boys",6,6,12
"295","educational director",6,6,12
"296","sunday morning",6,6,12
"297","false pretenses",10,1,11
"298","hampton magruder",10,1,11
"299","march 18",10,1,11
"300","mile relay",10,1,11
"301","penal system",10,1,11
"302","school baltimore",10,1,11
"303","staff correspondent",10,1,11
"304","democratic party",2,9,11
"305","excellent condition",9,2,11
"306","insurance company",9,2,11
"307","maryland tuberculosis",9,2,11
"308","mentally deficient",9,2,11
"309","west baltimore",9,2,11
"310","biddle street",3,8,11
"311","dr harry",3,8,11
"312","negro teachers",8,3,11
"313","social workers",8,3,11
"314","station house",8,3,11
"315","arlington avenue",4,7,11
"316","baltimore grand",7,4,11
"317","living quarters",7,4,11
"318","mass meeting",4,7,11
"319","rev john",7,4,11
"320","drug store",6,5,11
"321","frederick douglas",6,5,11
"322","lanvale street",5,6,11
"323","sharp street",5,6,11
"324","colored personnel",1,9,10
"325","colored schools",1,9,10
"326","correctional institution",9,1,10
"327","fort mchenry",9,1,10
"328","governor herbert",1,9,10
"329","hagerstown md",9,1,10
"330","minded negro",9,1,10
"331","pratt library",9,1,10
"332","september term",9,1,10
"333","supplemental budget",9,1,10
"334","tax rate",9,1,10
"335","thomas white",1,9,10
"336","welfare league",9,1,10
"337","0 0",8,2,10
"338","2 3",8,2,10
"339","additional funds",8,2,10
"340","retiring grand",8,2,10
"341","september 1",8,2,10
"342","sunday afternoon",2,8,10
"343","ten days",8,2,10
"344","week ago",8,2,10
"345","α μ",8,2,10
"346","board meeting",7,3,10
"347","central police",7,3,10
"348","cheltenham 1",3,7,10
"349","civic league",7,3,10
"350","northeastern police",7,3,10
"351","preston street",7,3,10
"352","prince george",3,7,10
"353","school facilities",3,7,10
"354","special session",7,3,10
"355","cheltenham head",6,4,10
"356","department store",6,4,10
"357","fined 25",6,4,10
"358","memorial hospital",6,4,10
"359","northern district",4,6,10
"360","south carolina",6,4,10
"361","war veteran",6,4,10
"362","baltimore urban",5,5,10
"363","lexington street",5,5,10
"364","3 1",8,1,9
"365","6 months",8,1,9
"366","8 o'clock",8,1,9
"367","advisory committee",8,1,9
"368","committee reports",8,1,9
"369","dr frank",8,1,9
"370","george county",1,8,9
"371","half mile",8,1,9
"372","john berry",8,1,9
"373","monument street",8,1,9
"374","pratt free",8,1,9
"375","roland park",8,1,9
"376","tax commission",8,1,9
"377","transit company",8,1,9
"378","acre tract",7,2,9
"379","american legion",7,2,9
"380","annual report",7,2,9
"381","elizabeth's home",2,7,9
"382","industrial accident",7,2,9
"383","july 2",2,7,9
"384","kansas city",7,2,9
"385","life insurance",7,2,9
"386","mayor latrobe",7,2,9
"387","miss ida",2,7,9
"388","somerset county",7,2,9
"389","2 o'clock",6,3,9
"390","death rate",6,3,9
"391","page 1",6,3,9
"392","private school",6,3,9
"393","reformatory school",6,3,9
"394","st luke's",6,3,9
"395","western district",6,3,9
"396","cheltenham cheltenham",4,5,9
"397","colored board",5,4,9
"398","february 20",4,5,9
"399","found guilty",5,4,9
"400","housing project",4,5,9
"401","jail board",4,5,9
"402","march 25",5,4,9
"403","miss helen",4,5,9
"404","swimming pool",4,5,9
"405","theological seminary",4,5,9
"406","vocational school",5,4,9
"407","100 yard",7,1,8
"408","3 2",7,1,8
"409","baltimore transit",7,1,8
"410","carl murphy",1,7,8
"411","coast guard",7,1,8
"412","column 6",7,1,8
"413","dr robert",7,1,8
"414","dr thomas",7,1,8
"415","engineering school",7,1,8
"416","fort meade",7,1,8
"417","free library",7,1,8
"418","fulton avenue",7,1,8
"419","half feet",7,1,8
"420","insti tution",7,1,8
"421","january 6",7,1,8
"422","june 2",7,1,8
"423","lord baltimore",7,1,8
"424","march 21",7,1,8
"425","miss clark",7,1,8
"426","negro children",7,1,8
"427","negro youth",7,1,8
"428","orchard street",1,7,8
"429","pyles superintendent",7,1,8
"430","report submitted",7,1,8
"431","10 inches",6,2,8
"432","baltimore branch",6,2,8
"433","citizens committee",2,6,8
"434","federal funds",6,2,8
"435","feet 10",6,2,8
"436","fined 10",2,6,8
"437","hanover street",6,2,8
"438","institu tion",6,2,8
"439","live stock",6,2,8
"440","miss margaret",6,2,8
"441","national training",6,2,8
"442","negro race",2,6,8
"443","president roosevelt",6,2,8
"444","probation department",2,6,8
"445","realty company",6,2,8
"446","southwestern police",2,6,8
"447","annual convention",5,3,8
"448","baltimore federation",5,3,8
"449","boys held",5,3,8
"450","city authorities",5,3,8
"451","executive board",5,3,8
"452","industrial training",5,3,8
"453","jury's report",5,3,8
"454","march 15",3,5,8
"455","miss elizabeth",5,3,8
"456","nation wide",5,3,8
"457","night club",3,5,8
"458","pratt street",5,3,8
"459","probation officer",3,5,8
"460","reformation cheltenham",5,3,8
"461","rev frederick",3,5,8
"462","school boys",3,5,8
"463","southern district",5,3,8
"464","stricker street",3,5,8
"465","sunday night",3,5,8
"466","superintendent john",3,5,8
"467","thousand dollars",3,5,8
"468","tuesday evening",3,5,8
"469","violet hill",3,5,8
"470","wednesday night",5,3,8
"471","cold weather",4,4,8
"472","columbia university",4,4,8
"473","dolphin street",4,4,8
"474","employment commission",4,4,8
"475","heating plant",4,4,8
"476","industrial fair",4,4,8
"477","john wesley",4,4,8
"478","march 1",4,4,8
"479","marlboro jail",4,4,8
"480","sunday october",4,4,8
"481","white children",4,4,8
"482","aided institutions",1,6,7
"483","assistant state's",6,1,7
"484","baltimore conference",1,6,7
"485","baltimore district",6,1,7
"486","baltimore hotel",6,1,7
"487","bugle corps",6,1,7
"488","calvert county",6,1,7
"489","carrollton avenue",1,6,7
"490","church sunday",1,6,7
"491","clean block",1,6,7
"492","colored applicants",6,1,7
"493","colored population",1,6,7
"494","colored youths",6,1,7
"495","county police",6,1,7
"496","court friday",1,6,7
"497","democratic candidate",1,6,7
"498","fellow citizens",1,6,7
"499","governor allowed",1,6,7
"500","health conditions",6,1,7
"501","improve conditions",6,1,7
"502","instantly killed",6,1,7
"503","judge coleman",6,1,7
"504","light brown",1,6,7
"505","liquor license",6,1,7
"506","mayor malster",1,6,7
"507","md dec",6,1,7
"508","md miss",6,1,7
"509","md october",6,1,7
"510","md sunday",6,1,7
"511","mercy hospital",6,1,7
"512","mount st",6,1,7
"513","myrtle avenue",1,6,7
"514","national defense",6,1,7
"515","ninety days",6,1,7
"516","office building",6,1,7
"517","page 3",6,1,7
"518","sewerage system",6,1,7
"519","thomas superintendent",6,1,7
"520","union trust",6,1,7
"521","visited cheltenham",6,1,7
"522","wayward boys",1,6,7
"523","welfare board",6,1,7
"524","white teachers",1,6,7
"525","boys home",5,2,7
"526","caroline street",2,5,7
"527","community fund",5,2,7
"528","corpus proceedings",2,5,7
"529","criminal record",5,2,7
"530","december 31",5,2,7
"531","dr charles",5,2,7
"532","edmondson avenue",2,5,7
"533","fremont avenue",2,5,7
"534","harlem avenue",2,5,7
"535","inches tall",2,5,7
"536","local police",2,5,7
"537","mission helpers",2,5,7
"538","newly appointed",5,2,7
"539","november 30",5,2,7
"540","savannah ga",5,2,7
"541","school staff",5,2,7
"542","secretary treasurer",5,2,7
"543","september 10",5,2,7
"544","square hospital",5,2,7
"545","supreme court",5,2,7
"546","thirty days",5,2,7
"547","washington school",5,2,7
"548","white boy",5,2,7
"549","white staff",2,5,7
"550","white women",2,5,7
"551","0 1",4,3,7
"552","1600 block",3,4,7
"553","alexandria va",3,4,7
"554","anne college",4,3,7
"555","called attention",3,4,7
"556","cheltenham authorities",3,4,7
"557","city wide",3,4,7
"558","colored school",3,4,7
"559","court house",3,4,7
"560","custom house",4,3,7
"561","educational facilities",4,3,7
"562","federal court",4,3,7
"563","food served",3,4,7
"564","hill whyte",3,4,7
"565","lafayette avenue",3,4,7
"566","march 3",4,3,7
"567","national association",4,3,7
"568","page 6",4,3,7
"569","saturday evening",3,4,7
"570","telegraph company",4,3,7
"571","1 0",5,1,6
"572","200 block",5,1,6
"573","200 boys",1,5,6
"574","3 0",5,1,6
"575","4 5",5,1,6
"576","4 p.m",5,1,6
"577","acting president",5,1,6
"578","agricultural college",5,1,6
"579","annapolis feb",5,1,6
"580","anne academy",1,5,6
"581","april 15",5,1,6
"582","baltimore police",5,1,6
"583","bathing facilities",5,1,6
"584","boys school",5,1,6
"585","brutal beatings",1,5,6
"586","calhoun street",1,5,6
"587","catholic university",5,1,6
"588","cheltenham home",5,1,6
"589","church baltimore",1,5,6
"590","city grand",1,5,6
"591","contingent fund",5,1,6
"592","county circuit",5,1,6
"593","crow law",5,1,6
"594","eighth street",5,1,6
"595","electric company",5,1,6
"596","favorable report",5,1,6
"597","february 10",5,1,6
"598","free labor",1,5,6
"599","hill md",5,1,6
"600","joint meeting",5,1,6
"601","judicial circuit",5,1,6
"602","jury recommended",1,5,6
"603","minded boys",5,1,6
"604","neglected children",5,1,6
"605","negro population",5,1,6
"606","normal children",5,1,6
"607","orleans street",5,1,6
"608","police district",5,1,6
"609","police magistrates",5,1,6
"610","recently appointed",1,5,6
"611","resolution requesting",5,1,6
"612","sanitary facilities",5,1,6
"613","set fire",5,1,6
"614","seventeenth ward",5,1,6
"615","special meeting",5,1,6
"616","street car",5,1,6
"617","teachers salaries",1,5,6
"618","thanksgiving day",5,1,6
"619","youthful inmates",1,5,6
"620","2 boys",4,2,6
"621","3 o'clock",4,2,6
"622","6 inches",4,2,6
"623","60 days",4,2,6
"624","acre farm",4,2,6
"625","adult criminals",2,4,6
"626","ages range",2,4,6
"627","ashland avenue",4,2,6
"628","bare hands",2,4,6
"629","boy friend",2,4,6
"630","boys escaped",2,4,6
"631","boys reformatory",2,4,6
"632","boys released",4,2,6
"633","charles butcher",4,2,6
"634","city hospital",4,2,6
"635","city solicitor",4,2,6
"636","committee headed",4,2,6
"637","congressional district",2,4,6
"638","county maryland",2,4,6
"639","court action",4,2,6
"640","de grace",4,2,6
"641","detailed report",4,2,6
"642","eastern district",4,2,6
"643","emerson hotel",4,2,6
"644","feet 6",4,2,6
"645","found dead",4,2,6
"646","george mcdonald",4,2,6
"647","hanover va",4,2,6
"648","housing authority",2,4,6
"649","housing facilities",4,2,6
"650","intelligence quotient",4,2,6
"651","jury recommends",4,2,6
"652","jury stated",2,4,6
"653","late dr",2,4,6
"654","left leg",2,4,6
"655","leg broken",4,2,6
"656","legislative district",2,4,6
"657","million dollars",2,4,6
"658","monday morning",4,2,6
"659","montgomery ala",2,4,6
"660","mount street",2,4,6
"661","past ten",2,4,6
"662","private management",2,4,6
"663","reformatory institution",4,2,6
"664","replace cheltenham",4,2,6
"665","roman catholic",4,2,6
"666","senate committee",4,2,6
"667","september 20",4,2,6
"668","setting fire",2,4,6
"669","solitary confinement",4,2,6
"670","south africa",4,2,6
"671","southern police",4,2,6
"672","story brick",4,2,6
"673","street methodist",4,2,6
"674","sufficient funds",4,2,6
"675","unfortunate boys",2,4,6
"676","wild animals",4,2,6
"677","william johnson",4,2,6
"678","aisquith street",3,3,6
"679","bad boys",3,3,6
"680","board appointed",3,3,6
"681","boys ranging",3,3,6
"682","broom shop",3,3,6
"683","cheltenham submitted",3,3,6
"684","commit boys",3,3,6
"685","corporal punishment",3,3,6
"686","district attorney",3,3,6
"687","educational system",3,3,6
"688","en route",3,3,6
"689","equal rights",3,3,6
"690","fiftieth anniversary",3,3,6
"691","frederick douglass",3,3,6
"692","governor ritchie's",3,3,6
"693","hill park",3,3,6
"694","hiram watty",3,3,6
"695","hundred boys",3,3,6
"696","internal injuries",3,3,6
"697","july 9",3,3,6
"698","jury action",3,3,6
"699","lexington market",3,3,6
"700","medical school",3,3,6
"701","miss marie",3,3,6
"702","mulberry street",3,3,6
"703","odd fellows",3,3,6
"704","physical condition",3,3,6
"705","rev edward",3,3,6
"706","rev joseph",3,3,6
"707","september 15",3,3,6
"708","thursday evening",3,3,6
"709","vice admiral",3,3,6
"710","war production",3,3,6
"711","1 cheltenham",4,1,5
"712","3 months",4,1,5
"713","50 pounds",1,4,5
"714","500 bail",4,1,5
"715","7 o'clock",4,1,5
"716","accident occurred",4,1,5
"717","annual dinner",4,1,5
"718","ap pointment",4,1,5
"719","athletic field",4,1,5
"720","bal timore",4,1,5
"721","baltimore chapter",4,1,5
"722","bethel church",1,4,5
"723","bill passed",4,1,5
"724","board president",4,1,5
"725","bolton street",4,1,5
"726","bowie normal",1,4,5
"727","boy's mother",4,1,5
"728","boys dr",4,1,5
"729","carey street",1,4,5
"730","caroline county",4,1,5
"731","cheltenham broom",1,4,5
"732","cheltenham committee",1,4,5
"733","cheltenham continued",1,4,5
"734","colored students",1,4,5
"735","colored women",1,4,5
"736","committee reported",4,1,5
"737","contract labor",1,4,5
"738","county grand",4,1,5
"739","critical condition",4,1,5
"740","day nursery",4,1,5
"741","depart ment",4,1,5
"742","dr frederick",4,1,5
"743","dr wm",4,1,5
"744","drunken driving",4,1,5
"745","eastern avenue",4,1,5
"746","educational opportunities",1,4,5
"747","examining board",4,1,5
"748","existing conditions",1,4,5
"749","false alarm",4,1,5
"750","feb 1",4,1,5
"751","feebleminded children",4,1,5
"752","financial support",4,1,5
"753","foot ball",1,4,5
"754","franklin square",4,1,5
"755","gen shryock",1,4,5
"756","george ralph",1,4,5
"757","gov ritchie",1,4,5
"758","governor explained",4,1,5
"759","hardened adult",1,4,5
"760","hardened criminals",4,1,5
"761","held pending",1,4,5
"762","ill health",4,1,5
"763","incorrigible youths",1,4,5
"764","increased appropriations",4,1,5
"765","ingleside avenue",4,1,5
"766","january 4",4,1,5
"767","john pyles",1,4,5
"768","july 28",4,1,5
"769","license commissioners",4,1,5
"770","local attorney",1,4,5
"771","maryland agricultural",4,1,5
"772","maryland farmers",4,1,5
"773","md oct",4,1,5
"774","monday afternoon",4,1,5
"775","moral suasion",1,4,5
"776","newark n.j",1,4,5
"777","objectors camp",4,1,5
"778","personal investigation",4,1,5
"779","police justices",4,1,5
"780","recent grand",4,1,5
"781","recreation facilities",4,1,5
"782","reforma tory",4,1,5
"783","report filed",4,1,5
"784","returned home",1,4,5
"785","rev william",4,1,5
"786","san antonio",4,1,5
"787","saturday morning",4,1,5
"788","school grounds",4,1,5
"789","school instruction",1,4,5
"790","sept 5",4,1,5
"791","sharon baptist",1,4,5
"792","square deal",1,4,5
"793","street george",1,4,5
"794","sunderland superintendent",4,1,5
"795","teacher training",4,1,5
"796","teaching staff",4,1,5
"797","twentieth century",4,1,5
"798","unfortunate colored",1,4,5
"799","vacant house",4,1,5
"800","vine street",1,4,5
"801","war period",4,1,5
"802","week dr",1,4,5
"803","welfare organizations",1,4,5
"804","white race",1,4,5
"805","woodyear street",1,4,5
"806","1400 block",3,2,5
"807","40 boys",3,2,5
"808","alcoholic beverages",3,2,5
"809","annual conference",2,3,5
"810","baltimore boys",2,3,5
"811","bond street",2,3,5
"812","boys john",3,2,5
"813","call attention",3,2,5
"814","cardinal gibbons",3,2,5
"815","central heating",2,3,5
"816","charles jones",3,2,5
"817","chase street",2,3,5
"818","cheltenham judge",2,3,5
"819","cheltenham officials",3,2,5
"820","cheltenham situation",2,3,5
"821","col harry",2,3,5
"822","county court",2,3,5
"823","criminal tendencies",3,2,5
"824","defense industries",3,2,5
"825","easton md",3,2,5
"826","emergency hospital",3,2,5
"827","equal opportunity",2,3,5
"828","federal penitentiary",2,3,5
"829","frederick avenue",3,2,5
"830","friday afternoon",2,3,5
"831","george crawford",3,2,5
"832","george smith",2,3,5
"833","governor's commission",3,2,5
"834","half miles",3,2,5
"835","henry jr",2,3,5
"836","hundred persons",3,2,5
"837","john thomas",2,3,5
"838","judge declared",2,3,5
"839","judge ulman's",3,2,5
"840","larger boys",2,3,5
"841","late william",3,2,5
"842","laurens street",3,2,5
"843","lynchburg va",2,3,5
"844","manufacturing company",3,2,5
"845","march 28",3,2,5
"846","marriage license",2,3,5
"847","maryland department",3,2,5
"848","miss bertha",3,2,5
"849","miss kate",3,2,5
"850","miss rose",3,2,5
"851","miss ruth",2,3,5
"852","national urban",2,3,5
"853","negro institutions",3,2,5
"854","norfolk va",2,3,5
"855","northeastern district",3,2,5
"856","november 3",3,2,5
"857","october 20",2,3,5
"858","page 17",2,3,5
"859","page 2",2,3,5
"860","page 21",3,2,5
"861","parole officers",3,2,5
"862","philadelphia pa",3,2,5
"863","physical education",2,3,5
"864","prisoner's aid",3,2,5
"865","project manager",3,2,5
"866","public office",3,2,5
"867","regional conference",3,2,5
"868","repair shop",2,3,5
"869","return home",3,2,5
"870","rev charles",2,3,5
"871","roberts president",3,2,5
"872","school officials",3,2,5
"873","schools judge",2,3,5
"874","sec retary",2,3,5
"875","send boys",2,3,5
"876","severe punishments",2,3,5
"877","similar institutions",2,3,5
"878","spangled banner",3,2,5
"879","street wednesday",2,3,5
"880","sufficient money",3,2,5
"881","venereal disease",3,2,5
"882","vocational instructor",2,3,5
"883","war industries",3,2,5
"884","welfare agencies",3,2,5
"885","william brown",3,2,5
"886","women's auxiliary",3,2,5
"887","zion church",2,3,5
"888","1,000 bail",3,1,4
"889","1800 block",3,1,4
"890","1938 39",3,1,4
"891","1942 1943",1,3,4
"892","2 p.m",3,1,4
"893","6 1",3,1,4
"894","7 8",3,1,4
"895","alleged beating",3,1,4
"896","allen dr",1,3,4
"897","allen joseph",3,1,4
"898","answer charges",3,1,4
"899","appointed superintendent",3,1,4
"900","april 20",3,1,4
"901","asbury smith",3,1,4
"902","association held",3,1,4
"903","athletic association",3,1,4
"904","atlanta ga",1,3,4
"905","attorney's office",3,1,4
"906","august 1",3,1,4
"907","avenue home",3,1,4
"908","average age",1,3,4
"909","bail pending",3,1,4
"910","baltimore dr",3,1,4
"911","baltimore housing",1,3,4
"912","baltimore public",1,3,4
"913","baltimore supreme",1,3,4
"914","baptist convention",1,3,4
"915","bills introduced",3,1,4
"916","board dr",3,1,4
"917","board held",3,1,4
"918","bowie md",1,3,4
"919","boy held",1,3,4
"920","boy scouts",3,1,4
"921","boys escape",1,3,4
"922","boys institution",3,1,4
"923","boys receive",3,1,4
"924","brutal treatment",3,1,4
"925","budget submitted",3,1,4
"926","bullet wound",1,3,4
"927","canal zone",1,3,4
"928","card game",1,3,4
"929","chain stores",1,3,4
"930","charges brought",1,3,4
"931","cheltenham colored",3,1,4
"932","cheltenham dr",3,1,4
"933","cheltenham inmate",1,3,4
"934","cheltenham staff",3,1,4
"935","city school",1,3,4
"936","clark told",1,3,4
"937","cleveland ohio",1,3,4
"938","col ored",3,1,4
"939","college bowie",3,1,4
"940","college graduate",3,1,4
"941","colored city",1,3,4
"942","colored industrial",3,1,4
"943","colored reformatory",3,1,4
"944","commission declared",3,1,4
"945","commissioner's office",3,1,4
"946","committee representing",3,1,4
"947","community center",3,1,4
"948","competent teachers",1,3,4
"949","conditions complained",3,1,4
"950","country school",3,1,4
"951","cream company",3,1,4
"952","daniel ellison",3,1,4
"953","december 1",3,1,4
"954","died friday",3,1,4
"955","educational institutions",3,1,4
"956","elected governor",1,3,4
"957","elkton md",3,1,4
"958","entire board",3,1,4
"959","eugene o'dunne",3,1,4
"960","fair play",1,3,4
"961","favorably impressed",3,1,4
"962","february 24",3,1,4
"963","february 26",3,1,4
"964","federal street",3,1,4
"965","fifty cents",1,3,4
"966","fire destroyed",3,1,4
"967","found conditions",3,1,4
"968","girls activities",3,1,4
"969","girls dormitories",3,1,4
"970","grace presbyterian",1,3,4
"971","guard building",1,3,4
"972","half hour",1,3,4
"973","havre de",3,1,4
"974","health nurse",3,1,4
"975","heart attack",3,1,4
"976","hospital building",3,1,4
"977","hospital sunday",1,3,4
"978","hour session",3,1,4
"979","hundred dollars",1,3,4
"980","incorrigible colored",1,3,4
"981","institution exclusively",3,1,4
"982","institution joseph",3,1,4
"983","institution receives",3,1,4
"984","january 15",3,1,4
"985","john butler",1,3,4
"986","july 27",3,1,4
"987","june 28",1,3,4
"988","kent county",3,1,4
"989","killed miss",3,1,4
"990","late enoch",3,1,4
"991","late governor",3,1,4
"992","late president",1,3,4
"993","law enforcement",3,1,4
"994","legal advice",3,1,4
"995","linden avenue",3,1,4
"996","low mentality",1,3,4
"997","march 24",3,1,4
"998","maryland free",1,3,4
"999","md governor",1,3,4
"1000","meeting held",3,1,4
"1001","miles south",3,1,4
"1002","miss alice",1,3,4
"1003","miss janet",1,3,4
"1004","miss virginia",3,1,4
"1005","municipal hospital",3,1,4
"1006","negro leaders",1,3,4
"1007","newport news",3,1,4
"1008","news va",3,1,4
"1009","northern police",1,3,4
"1010","november 24",3,1,4
"1011","november 29",1,3,4
"1012","october 27",3,1,4
"1013","officer george",1,3,4
"1014","parent education",3,1,4
"1015","past month",3,1,4
"1016","patrolman butler",3,1,4
"1017","pleasant street",3,1,4
"1018","police board",3,1,4
"1019","police officers",1,3,4
"1020","police protection",1,3,4
"1021","previous experience",3,1,4
"1022","principal speaker",3,1,4
"1023","private corporation",3,1,4
"1024","program consisted",3,1,4
"1025","proper attention",3,1,4
"1026","proper police",1,3,4
"1027","public statement",3,1,4
"1028","punishments inflicted",1,3,4
"1029","qualified teachers",3,1,4
"1030","receive training",3,1,4
"1031","regular meeting",3,1,4
"1032","report declares",1,3,4
"1033","report recommends",3,1,4
"1034","report yesterday",1,3,4
"1035","rev wilbur",1,3,4
"1036","roller skating",3,1,4
"1037","salisbury md",3,1,4
"1038","school children",3,1,4
"1039","school head",3,1,4
"1040","school teacher",1,3,4
"1041","september grand",1,3,4
"1042","service command",3,1,4
"1043","service committee",3,1,4
"1044","severe methods",1,3,4
"1045","severe punishment",3,1,4
"1046","shoe repair",1,3,4
"1047","similar charges",3,1,4
"1048","sister miss",3,1,4
"1049","social service",1,3,4
"1050","social welfare",3,1,4
"1051","st george",3,1,4
"1052","st vincent's",3,1,4
"1053","state's attorney's",3,1,4
"1054","strong guard",1,3,4
"1055","sunday evening",3,1,4
"1056","superintend ent",3,1,4
"1057","sweet potatoes",1,3,4
"1058","taking care",3,1,4
"1059","ten miles",3,1,4
"1060","track meet",3,1,4
"1061","training center",3,1,4
"1062","u.s coast",3,1,4
"1063","unanimous vote",1,3,4
"1064","virginia legislature",3,1,4
"1065","war housing",3,1,4
"1066","war veterans",3,1,4
"1067","warren burgess",1,3,4
"1068","west africa",1,3,4
"1069","west chester",1,3,4
"1070","west indian",1,3,4
"1071","white matron",1,3,4
"1072","white passengers",1,3,4
"1073","wife beating",3,1,4
"1074","women's civic",3,1,4
"1075","women's club",3,1,4
"1076","worcester county",3,1,4
"1077","yesterday commending",1,3,4
"1078","1 7",2,2,4
"1079","10 a.m",2,2,4
"1080","11 1",2,2,4
"1081","2,000 bail",2,2,4
"1082","3 inches",2,2,4
"1083","50 boys",2,2,4
"1084","9 6",2,2,4
"1085","90 days",2,2,4
"1086","ann street",2,2,4
"1087","antonio texas",2,2,4
"1088","asbury park",2,2,4
"1089","bad boy",2,2,4
"1090","baltimore school",2,2,4
"1091","banking laws",2,2,4
"1092","bertha proctor",2,2,4
"1093","board joseph",2,2,4
"1094","boys located",2,2,4
"1095","briscoe principal",2,2,4
"1096","cabell bruce",2,2,4
"1097","carver vocational",2,2,4
"1098","cheltenham grand",2,2,4
"1099","cheltenham inmates",2,2,4
"1100","child study",2,2,4
"1101","city government",2,2,4
"1102","civilian defense",2,2,4
"1103","coal oil",2,2,4
"1104","color line",2,2,4
"1105","colored girl",2,2,4
"1106","dark cells",2,2,4
"1107","dover del",2,2,4
"1108","dr holmes",2,2,4
"1109","edgar allan",2,2,4
"1110","effect immediately",2,2,4
"1111","elementary school",2,2,4
"1112","entire city",2,2,4
"1113","feet 3",2,2,4
"1114","fellows hall",2,2,4
"1115","football star",2,2,4
"1116","george johnson",2,2,4
"1117","governor lowndes",2,2,4
"1118","half pounds",2,2,4
"1119","harrisburg pa",2,2,4
"1120","hill dr",2,2,4
"1121","hon john",2,2,4
"1122","hos pital",2,2,4
"1123","income taxes",2,2,4
"1124","indoor games",2,2,4
"1125","institution judge",2,2,4
"1126","judge rowland",2,2,4
"1127","june 27",2,2,4
"1128","jury reports",2,2,4
"1129","kappa alpha",2,2,4
"1130","klux klan",2,2,4
"1131","ku klux",2,2,4
"1132","labor leaders",2,2,4
"1133","late rev",2,2,4
"1134","law practice",2,2,4
"1135","louisville ky",2,2,4
"1136","manual labor",2,2,4
"1137","march 10",2,2,4
"1138","miss emma",2,2,4
"1139","miss mamie",2,2,4
"1140","miss mildred",2,2,4
"1141","nicholas orem",2,2,4
"1142","ninth annual",2,2,4
"1143","pan american",2,2,4
"1144","parrish street",2,2,4
"1145","petersburg va",2,2,4
"1146","phi beta",2,2,4
"1147","port deposit",2,2,4
"1148","post office",2,2,4
"1149","preceding page",2,2,4
"1150","qualified persons",2,2,4
"1151","recent meeting",2,2,4
"1152","reelected president",2,2,4
"1153","reform institutions",2,2,4
"1154","rev albert",2,2,4
"1155","rhode island",2,2,4
"1156","school commissioners",2,2,4
"1157","school days",2,2,4
"1158","school received",2,2,4
"1159","st mark's",2,2,4
"1160","street sunday",2,2,4
"1161","tenham school",2,2,4
"1162","tuesday morning",2,2,4
"1163","uncontrollable inmates",2,2,4
"1164","unfavorable reports",2,2,4
"1165","westminster md",2,2,4
"1166","youthful criminals",2,2,4
"1167","1 11",2,1,3
"1168","1 25",2,1,3
"1169","1 5",2,1,3
"1170","1 st",2,1,3
"1171","10,000 10,000",2,1,3
"1172","11 11",2,1,3
"1173","1200 block",2,1,3
"1174","125 pounds",2,1,3
"1175","15 miles",2,1,3
"1176","1932 33",1,2,3
"1177","4 feet",2,1,3
"1178","6 3",2,1,3
"1179","6 7",2,1,3
"1180","a.m sunday",2,1,3
"1181","abolish segregation",2,1,3
"1182","account clerk",2,1,3
"1183","adverse criticisms",1,2,3
"1184","african methodist",1,2,3
"1185","afro americans",2,1,3
"1186","agricultural department",2,1,3
"1187","alan bowie",1,2,3
"1188","allan poe",1,2,3
"1189","alumni chapter",2,1,3
"1190","american federation",1,2,3
"1191","amos davis",1,2,3
"1192","annapolis electric",2,1,3
"1193","annual christmas",2,1,3
"1194","apparently contented",2,1,3
"1195","appoint colored",1,2,3
"1196","april 18",2,1,3
"1197","april 30",2,1,3
"1198","april 7",1,2,3
"1199","army navy",2,1,3
"1200","arrested charged",2,1,3
"1201","assault charge",1,2,3
"1202","assume control",2,1,3
"1203","aug 10",2,1,3
"1204","august 24",1,2,3
"1205","august 30",2,1,3
"1206","avenue baltimore",1,2,3
"1207","average boy",1,2,3
"1208","bad condition",2,1,3
"1209","badly damaged",2,1,3
"1210","baltimore department",2,1,3
"1211","baltimore recently",2,1,3
"1212","baltimore tuesday",1,2,3
"1213","baseball team",1,2,3
"1214","basketball game",1,2,3
"1215","bathing suit",2,1,3
"1216","bean soup",1,2,3
"1217","beat boy",2,1,3
"1218","beta kappa",2,1,3
"1219","bethlehem fairfield",2,1,3
"1220","bi racial",1,2,3
"1221","bible class",1,2,3
"1222","bill introduced",1,2,3
"1223","blandford hal",2,1,3
"1224","board declared",1,2,3
"1225","board met",2,1,3
"1226","board visited",1,2,3
"1227","bond attorney",1,2,3
"1228","booth street",1,2,3
"1229","boy aged",2,1,3
"1230","boys 10",1,2,3
"1231","boys accused",1,2,3
"1232","boys arrested",2,1,3
"1233","boys continued",2,1,3
"1234","boys dining",1,2,3
"1235","boys form",1,2,3
"1236","boys play",1,2,3
"1237","boys police",1,2,3
"1238","boys ran",2,1,3
"1239","boys received",1,2,3
"1240","boys reform",1,2,3
"1241","boys sentenced",2,1,3
"1242","boys trades",1,2,3
"1243","branch city",2,1,3
"1244","brick building",1,2,3
"1245","broad jump",2,1,3
"1246","broening administration",1,2,3
"1247","brother paul",2,1,3
"1248","brown 11",1,2,3
"1249","bruce street",1,2,3
"1250","capita cost",2,1,3
"1251","car load",1,2,3
"1252","carroll park",2,1,3
"1253","caused considerable",1,2,3
"1254","cent increase",2,1,3
"1255","centre market",2,1,3
"1256","chair caning",1,2,3
"1257","charitable institutions",2,1,3
"1258","charles cephas",2,1,3
"1259","charles williams",2,1,3
"1260","cheltenham advised",2,1,3
"1261","cheltenham died",2,1,3
"1262","cheltenham directors",2,1,3
"1263","cheltenham include",2,1,3
"1264","cheltenham monday",1,2,3
"1265","cheltenham reports",1,2,3
"1266","cheltenham superintendent",2,1,3
"1267","cheltenham tuesday",1,2,3
"1268","chester pa",1,2,3
"1269","chief executive",1,2,3
"1270","children committed",2,1,3
"1271","christmas music",2,1,3
"1272","christmas time",1,2,3
"1273","church assisted",2,1,3
"1274","church school",2,1,3
"1275","city appropriation",1,2,3
"1276","city miss",2,1,3
"1277","civilian public",2,1,3
"1278","clifton park",2,1,3
"1279","coal truck",2,1,3
"1280","coast guardsmen",2,1,3
"1281","college students",2,1,3
"1282","colored delinquents",1,2,3
"1283","colored paul",1,2,3
"1284","colored teacher",1,2,3
"1285","commis sion",2,1,3
"1286","commissioner gaither",2,1,3
"1287","commits suicide",1,2,3
"1288","committed suicide",2,1,3
"1289","committee recommended",2,1,3
"1290","company harry",2,1,3
"1291","complete negro",2,1,3
"1292","complete reorganization",1,2,3
"1293","conditions existing",1,2,3
"1294","convention hall",2,1,3
"1295","convict labor",1,2,3
"1296","corrective institution",2,1,3
"1297","council passed",2,1,3
"1298","country dr",1,2,3
"1299","court decision",1,2,3
"1300","court wednesday",1,2,3
"1301","criminal offenses",2,1,3
"1302","davis william",2,1,3
"1303","day celebration",2,1,3
"1304","day meeting",1,2,3
"1305","day sunday",2,1,3
"1306","december 18",1,2,3
"1307","denmore avenue",1,2,3
"1308","deplorable conditions",1,2,3
"1309","deposit md",1,2,3
"1310","district republican",2,1,3
"1311","douglas pastor",1,2,3
"1312","dr benjamin",2,1,3
"1313","dr francis",1,2,3
"1314","dr joseph",1,2,3
"1315","eastern police",2,1,3
"1316","educational training",1,2,3
"1317","efficient management",1,2,3
"1318","equal facilities",1,2,3
"1319","european tour",2,1,3
"1320","evans attorney",2,1,3
"1321","fairfield shipyard",2,1,3
"1322","feb 5",2,1,3
"1323","february 16",2,1,3
"1324","february 19",2,1,3
"1325","february 21",2,1,3
"1326","federal prison",1,2,3
"1327","field secretary",2,1,3
"1328","filling station",2,1,3
"1329","finally admitted",2,1,3
"1330","financial aid",2,1,3
"1331","financial condition",2,1,3
"1332","fire engine",2,1,3
"1333","flying colors",1,2,3
"1334","forrest street",2,1,3
"1335","fourteenth ward",2,1,3
"1336","fourth term",1,2,3
"1337","fractured skull",1,2,3
"1338","free time",2,1,3
"1339","freshman class",1,2,3
"1340","friday evening",1,2,3
"1341","friday morning",2,1,3
"1342","front steps",1,2,3
"1343","fullest extent",2,1,3
"1344","funds provided",2,1,3
"1345","garden crops",2,1,3
"1346","gas fixtures",2,1,3
"1347","glee club",1,2,3
"1348","graduate school",2,1,3
"1349","grand juror",2,1,3
"1350","grand lodge",2,1,3
"1351","greatly improved",2,1,3
"1352","guest speaker",1,2,3
"1353","guilford avenue",2,1,3
"1354","half day",2,1,3
"1355","half dozen",2,1,3
"1356","ham school",2,1,3
"1357","hamilton avenue",2,1,3
"1358","hampton va",1,2,3
"1359","hanover county",1,2,3
"1360","harlan howard",1,2,3
"1361","harvard graduate",2,1,3
"1362","head injuries",2,1,3
"1363","henry williams",1,2,3
"1364","highly esteemed",2,1,3
"1365","honor system",2,1,3
"1366","house cleaning",2,1,3
"1367","house committee",2,1,3
"1368","increased appropriation",1,2,3
"1369","industrial relations",2,1,3
"1370","infirm colored",1,2,3
"1371","injuries received",2,1,3
"1372","inspect cheltenham",2,1,3
"1373","institute dr",2,1,3
"1374","institution dr",2,1,3
"1375","institution recently",2,1,3
"1376","institutions visited",2,1,3
"1377","inter racial",2,1,3
"1378","interracial body",2,1,3
"1379","investigate conditions",1,2,3
"1380","iron bars",2,1,3
"1381","jackson president",1,2,3
"1382","jacksonville florida",2,1,3
"1383","james brown",1,2,3
"1384","james hammond",2,1,3
"1385","james owens",2,1,3
"1386","james smith",1,2,3
"1387","james waters",1,2,3
"1388","january 10",1,2,3
"1389","january 25",2,1,3
"1390","january 26",2,1,3
"1391","jesse james",1,2,3
"1392","john henry",2,1,3
"1393","john morris",2,1,3
"1394","john perry",2,1,3
"1395","jones dr",2,1,3
"1396","jones president",1,2,3
"1397","joseph harvey",2,1,3
"1398","joseph wallace",2,1,3
"1399","july 25",2,1,3
"1400","june 22",2,1,3
"1401","june 24",2,1,3
"1402","junior league",2,1,3
"1403","junior varsity",2,1,3
"1404","junius gray",1,2,3
"1405","jury charged",2,1,3
"1406","jury returned",1,2,3
"1407","jury visits",2,1,3
"1408","juvenile judge",2,1,3
"1409","labor school",1,2,3
"1410","lanvale streets",2,1,3
"1411","larceny charge",2,1,3
"1412","larger appropriation",1,2,3
"1413","late charles",2,1,3
"1414","left arm",1,2,3
"1415","left baltimore",1,2,3
"1416","left eye",2,1,3
"1417","lewisburg pa",2,1,3
"1418","low intelligence",2,1,3
"1419","machine shop",2,1,3
"1420","manual arts",1,2,3
"1421","march 12",2,1,3
"1422","march 17",2,1,3
"1423","march 31",2,1,3
"1424","march 5",2,1,3
"1425","married miss",1,2,3
"1426","maryland counties",2,1,3
"1427","maryland court",1,2,3
"1428","maryland institute",2,1,3
"1429","md dr",1,2,3
"1430","md robert",2,1,3
"1431","medical facilities",2,1,3
"1432","meeting monday",2,1,3
"1433","meeting thursday",2,1,3
"1434","meeting wednesday",2,1,3
"1435","memorial services",2,1,3
"1436","middle river",1,2,3
"1437","minority report",2,1,3
"1438","miss clara",2,1,3
"1439","miss ethel",1,2,3
"1440","miss flora",1,2,3
"1441","miss frances",1,2,3
"1442","miss leona",1,2,3
"1443","miss pauline",1,2,3
"1444","model institution",2,1,3
"1445","monday 1",1,2,3
"1446","murphy jr",1,2,3
"1447","named chairman",2,1,3
"1448","named cheltenham",2,1,3
"1449","named john",2,1,3
"1450","national committee",2,1,3
"1451","negro citizens",2,1,3
"1452","negro personnel",2,1,3
"1453","news cut",1,2,3
"1454","niagara falls",2,1,3
"1455","norfolk street",1,2,3
"1456","north texas",2,1,3
"1457","northwest baltimore",2,1,3
"1458","northwestern section",1,2,3
"1459","november 21",1,2,3
"1460","october 13",1,2,3
"1461","october 5",2,1,3
"1462","oratorical contest",2,1,3
"1463","organized labor",2,1,3
"1464","owings mills",2,1,3
"1465","oxford pa",1,2,3
"1466","paroled boys",2,1,3
"1467","patrolman john",2,1,3
"1468","pay 1.50",1,2,3
"1469","pay increase",2,1,3
"1470","pernicious system",1,2,3
"1471","peter claver's",1,2,3
"1472","platform adopted",1,2,3
"1473","platform continued",1,2,3
"1474","pocketbook snatchings",1,2,3
"1475","police raided",1,2,3
"1476","police sta",2,1,3
"1477","policewoman violet",1,2,3
"1478","preliminary report",1,2,3
"1479","president william",2,1,3
"1480","previous occasions",2,1,3
"1481","prime importance",1,2,3
"1482","privately operated",2,1,3
"1483","prohibition law",2,1,3
"1484","pronounced dead",1,2,3
"1485","proper management",2,1,3
"1486","proper personnel",1,2,3
"1487","proposed budget",2,1,3
"1488","public spirited",1,2,3
"1489","public support",1,2,3
"1490","qualified colored",2,1,3
"1491","racial committee",1,2,3
"1492","racial relations",1,2,3
"1493","railroad train",2,1,3
"1494","read dr",1,2,3
"1495","received practically",1,2,3
"1496","received sentences",1,2,3
"1497","recent report",1,2,3
"1498","reception center",2,1,3
"1499","reckless driving",2,1,3
"1500","recreational facilities",2,1,3
"1501","refor mation",2,1,3
"1502","regular session",2,1,3
"1503","relay championship",2,1,3
"1504","report urges",2,1,3
"1505","republican city",2,1,3
"1506","republican leader",2,1,3
"1507","resident surgeon",2,1,3
"1508","respective institutions",1,2,3
"1509","rev thomas",2,1,3
"1510","riggs avenue",1,2,3
"1511","rockville md",2,1,3
"1512","rummage sale",2,1,3
"1513","sanitary arrangements",2,1,3
"1514","saturday march",1,2,3
"1515","school education",2,1,3
"1516","scout troops",2,1,3
"1517","semi annual",2,1,3
"1518","senator harry",2,1,3
"1519","senator joseph",1,2,3
"1520","senator melvin",2,1,3
"1521","september 13",2,1,3
"1522","september 21",2,1,3
"1523","service training",2,1,3
"1524","sidney hollander",2,1,3
"1525","sincerely trust",1,2,3
"1526","sisters miss",1,2,3
"1527","smith 14",1,2,3
"1528","smith john",2,1,3
"1529","social science",1,2,3
"1530","soldiers bonus",2,1,3
"1531","son charles",1,2,3
"1532","son joseph",2,1,3
"1533","sophia holmes",1,2,3
"1534","sore spot",1,2,3
"1535","south america",1,2,3
"1536","south atlantic",2,1,3
"1537","spanish american",1,2,3
"1538","st clair",1,2,3
"1539","st francis",1,2,3
"1540","st katherine's",1,2,3
"1541","st marys",2,1,3
"1542","st vincent",2,1,3
"1543","staff dining",1,2,3
"1544","star spangled",2,1,3
"1545","state's witnesses",2,1,3
"1546","statute books",2,1,3
"1547","stolen money",2,1,3
"1548","story told",2,1,3
"1549","street charged",2,1,3
"1550","street cleaning",1,2,3
"1551","street james",2,1,3
"1552","street monday",1,2,3
"1553","street philadelphia",1,2,3
"1554","street saturday",2,1,3
"1555","street wm",2,1,3
"1556","subsequent investigation",1,2,3
"1557","sufficient appropriation",2,1,3
"1558","tailor shop",1,2,3
"1559","tax funds",2,1,3
"1560","tax payers",2,1,3
"1561","teen age",2,1,3
"1562","ten commandments",2,1,3
"1563","thirteenth street",1,2,3
"1564","thomas jefferson",1,2,3
"1565","thomas john",2,1,3
"1566","threatening letters",2,1,3
"1567","time 1",2,1,3
"1568","time cheltenham",1,2,3
"1569","told police",2,1,3
"1570","training classes",1,2,3
"1571","treasurer william",2,1,3
"1572","truck driver",2,1,3
"1573","unconscious condition",2,1,3
"1574","unitarian church",2,1,3
"1575","united grand",2,1,3
"1576","university school",2,1,3
"1577","university washington",2,1,3
"1578","urged governor",2,1,3
"1579","utter lack",1,2,3
"1580","virginia manual",1,2,3
"1581","visiting relatives",1,2,3
"1582","vocational schools",1,2,3
"1583","volley ball",1,2,3
"1584","war manpower",1,2,3
"1585","war workers",1,2,3
"1586","washington boulevard",2,1,3
"1587","welfare program",2,1,3
"1588","western section",2,1,3
"1589","white girls",2,1,3
"1590","white population",2,1,3
"1591","white workers",1,2,3
"1592","william henry",1,2,3
"1593","william jones",1,2,3
"1594","williams helen",2,1,3
"1595","wilson cottage",1,2,3
"1596","winning streak",2,1,3
"1597","woman's day",2,1,3
"1598","women's clubs",2,1,3
"1599","youthful offenders",1,2,3
"1600","zoning ordinance",2,1,3
"1601","1 30",1,1,2
"1602","1 capt",1,1,2
"1603","1 george",1,1,2
"1604","1 washington",1,1,2
"1605","1,000 persons",1,1,2
"1606","11 yearold",1,1,2
"1607","115 pounds",1,1,2
"1608","120 pounds",1,1,2
"1609","1300 block",1,1,2
"1610","14 james",1,1,2
"1611","15 p.m",1,1,2
"1612","150 pounds",1,1,2
"1613","157 boys",1,1,2
"1614","1900 block",1,1,2
"1615","2 feet",1,1,2
"1616","2 st",1,1,2
"1617","20 lashes",1,1,2
"1618","2100 block",1,1,2
"1619","3 4",1,1,2
"1620","3 vacancies",1,1,2
"1621","30 colored",1,1,2
"1622","4 inches",1,1,2
"1623","4 maurice",1,1,2
"1624","5 days",1,1,2
"1625","5,000 ball",1,1,2
"1626","50 acres",1,1,2
"1627","50 foot",1,1,2
"1628","6 feet",1,1,2
"1629","7 0",1,1,2
"1630","7 governor",1,1,2
"1631","8 11",1,1,2
"1632","8 cheltenham",1,1,2
"1633","8 inches",1,1,2
"1634","8,000 received",1,1,2
"1635","80,000 gymnasium",1,1,2
"1636","9 catonsville",1,1,2
"1637","9 months",1,1,2
"1638","ac cording",1,1,2
"1639","academic school",1,1,2
"1640","accept employment",1,1,2
"1641","accom plished",1,1,2
"1642","accused youth",1,1,2
"1643","act authorizing",1,1,2
"1644","action dr",1,1,2
"1645","active life",1,1,2
"1646","adam washington",1,1,2
"1647","administrative assistant",1,1,2
"1648","admirably conducted",1,1,2
"1649","agricultural products",1,1,2
"1650","alleged criminal",1,1,2
"1651","amateur championship",1,1,2
"1652","american party",1,1,2
"1653","american transfer",1,1,2
"1654","announced thursday",1,1,2
"1655","annual budget",1,1,2
"1656","annual subscription",1,1,2
"1657","anti lynching",1,1,2
"1658","ap pear",1,1,2
"1659","ap proved",1,1,2
"1660","appro priation",1,1,2
"1661","appropriated annually",1,1,2
"1662","april 14",1,1,2
"1663","april 23",1,1,2
"1664","arch streets",1,1,2
"1665","army officers",1,1,2
"1666","article 27",1,1,2
"1667","articles valued",1,1,2
"1668","assistant farmer",1,1,2
"1669","assistant secretary",1,1,2
"1670","assistant superintendency",1,1,2
"1671","associate director",1,1,2
"1672","attack occurred",1,1,2
"1673","attend sessions",1,1,2
"1674","attorney alan",1,1,2
"1675","attorney representing",1,1,2
"1676","august 12",1,1,2
"1677","august 15",1,1,2
"1678","august 16",1,1,2
"1679","automobile tax",1,1,2
"1680","average person",1,1,2
"1681","awaiting transportation",1,1,2
"1682","awful crime",1,1,2
"1683","bad management",1,1,2
"1684","bad start",1,1,2
"1685","bailey conaway",1,1,2
"1686","baltimore annual",1,1,2
"1687","baltimore institution",1,1,2
"1688","baltimore introduced",1,1,2
"1689","baltimore judge",1,1,2
"1690","baltimore negro",1,1,2
"1691","baltimore office",1,1,2
"1692","baltimore people",1,1,2
"1693","baltimore seventeen",1,1,2
"1694","baltimore unit",1,1,2
"1695","band concert",1,1,2
"1696","band leader",1,1,2
"1697","bath tubs",1,1,2
"1698","baton rouge",1,1,2
"1699","beaten severely",1,1,2
"1700","beauty culturists",1,1,2
"1701","beer saloon",1,1,2
"1702","berlin germany",1,1,2
"1703","biennial report",1,1,2
"1704","biennial session",1,1,2
"1705","bishop george",1,1,2
"1706","blue law",1,1,2
"1707","board 1",1,1,2
"1708","body cheltenham",1,1,2
"1709","bona fide",1,1,2
"1710","born disciplinarian",1,1,2
"1711","boston mary",1,1,2
"1712","boy 14",1,1,2
"1713","boy charles",1,1,2
"1714","boy cheltenham",1,1,2
"1715","boy found",1,1,2
"1716","boy john",1,1,2
"1717","boy makes",1,1,2
"1718","boy sentenced",1,1,2
"1719","boys call",1,1,2
"1720","boys clarence",1,1,2
"1721","boys hit",1,1,2
"1722","boys including",1,1,2
"1723","boys james",1,1,2
"1724","boys looked",1,1,2
"1725","boys louis",1,1,2
"1726","boys paroled",1,1,2
"1727","boys william",1,1,2
"1728","bridge md",1,1,2
"1729","bright spot",1,1,2
"1730","british navy",1,1,2
"1731","brothers association",1,1,2
"1732","brown 14",1,1,2
"1733","brute force",1,1,2
"1734","burnie school",1,1,2
"1735","butcher harvard",1,1,2
"1736","calhoun streets",1,1,2
"1737","calling attention",1,1,2
"1738","calls cheltenham",1,1,2
"1739","calvert charles",1,1,2
"1740","carpenter shop",1,1,2
"1741","cathedral cemetery",1,1,2
"1742","catholic school",1,1,2
"1743","ccc camp",1,1,2
"1744","celebrate christmas",1,1,2
"1745","central station",1,1,2
"1746","chairman james",1,1,2
"1747","charges ten",1,1,2
"1748","charities appeared",1,1,2
"1749","charities board",1,1,2
"1750","charles smith",1,1,2
"1751","cheltenham 4",1,1,2
"1752","cheltenham charged",1,1,2
"1753","cheltenham charles",1,1,2
"1754","cheltenham continues",1,1,2
"1755","cheltenham council",1,1,2
"1756","cheltenham education",1,1,2
"1757","cheltenham jobs",1,1,2
"1758","cheltenham miss",1,1,2
"1759","cheltenham officers",1,1,2
"1760","cheltenham rev",1,1,2
"1761","cheltenham robert",1,1,2
"1762","cheltenham schoo",1,1,2
"1763","cheltenham urges",1,1,2
"1764","cheltenham visited",1,1,2
"1765","cheltenham white",1,1,2
"1766","cheltenham william",1,1,2
"1767","cheltenham won",1,1,2
"1768","cheltenham's board",1,1,2
"1769","chief concern",1,1,2
"1770","chief means",1,1,2
"1771","children die",1,1,2
"1772","children received",1,1,2
"1773","christian endeavor",1,1,2
"1774","christmas carols",1,1,2
"1775","christmas dinners",1,1,2
"1776","church building",1,1,2
"1777","church father",1,1,2
"1778","church home",1,1,2
"1779","church preached",1,1,2
"1780","church received",1,1,2
"1781","church women's",1,1,2
"1782","cites improvements",1,1,2
"1783","citi zens",1,1,2
"1784","city courts",1,1,2
"1785","city departments",1,1,2
"1786","city markets",1,1,2
"1787","city ordinance",1,1,2
"1788","city owned",1,1,2
"1789","city people",1,1,2
"1790","city schools",1,1,2
"1791","city's appropriation",1,1,2
"1792","civic affairs",1,1,2
"1793","civic religious",1,1,2
"1794","classification director",1,1,2
"1795","closed doors",1,1,2
"1796","club boys",1,1,2
"1797","coffee shop",1,1,2
"1798","col john",1,1,2
"1799","cold spring",1,1,2
"1800","coleman called",1,1,2
"1801","college 1",1,1,2
"1802","college board",1,1,2
"1803","college girls",1,1,2
"1804","college morgan",1,1,2
"1805","colored criminals",1,1,2
"1806","colored feeble",1,1,2
"1807","colored lads",1,1,2
"1808","colored lawyer",1,1,2
"1809","colored methodist",1,1,2
"1810","colored playgrounds",1,1,2
"1811","colored superintendent",1,1,2
"1812","colored voter",1,1,2
"1813","columbus ohio",1,1,2
"1814","coming election",1,1,2
"1815","commit suicide",1,1,2
"1816","committee called",1,1,2
"1817","committee chairman",1,1,2
"1818","committee chairmen",1,1,2
"1819","committee comprises",1,1,2
"1820","committee feels",1,1,2
"1821","committee joseph",1,1,2
"1822","common law",1,1,2
"1823","company announced",1,1,2
"1824","company publishers",1,1,2
"1825","complete list",1,1,2
"1826","con tinued",1,1,2
"1827","condition suffering",1,1,2
"1828","conditions found",1,1,2
"1829","conduct unbecoming",1,1,2
"1830","congressman john",1,1,2
"1831","considerable trouble",1,1,2
"1832","coppin teachers",1,1,2
"1833","corn bread",1,1,2
"1834","corporation managed",1,1,2
"1835","corpus hearing",1,1,2
"1836","correct abuses",1,1,2
"1837","correctional training",1,1,2
"1838","county dr",1,1,2
"1839","county farms",1,1,2
"1840","county schools",1,1,2
"1841","court charged",1,1,2
"1842","cowboy boots",1,1,2
"1843","crownsville hospital",1,1,2
"1844","cumberland street",1,1,2
"1845","cummings rev",1,1,2
"1846","d.c washington",1,1,2
"1847","daily papers",1,1,2
"1848","dark brown",1,1,2
"1849","daughters miss",1,1,2
"1850","david ii",1,1,2
"1851","davis mary",1,1,2
"1852","day dr",1,1,2
"1853","day meet",1,1,2
"1854","day parade",1,1,2
"1855","day period",1,1,2
"1856","day program",1,1,2
"1857","day strike",1,1,2
"1858","day week",1,1,2
"1859","dayton ohio",1,1,2
"1860","death march",1,1,2
"1861","dec 11",1,1,2
"1862","dec 22",1,1,2
"1863","december 21",1,1,2
"1864","december 23",1,1,2
"1865","december 8",1,1,2
"1866","defective flue",1,1,2
"1867","defense council",1,1,2
"1868","definite recommendations",1,1,2
"1869","delegates voted",1,1,2
"1870","demanded money",1,1,2
"1871","democratic leaders",1,1,2
"1872","denver colorado",1,1,2
"1873","department stores",1,1,2
"1874","desired result",1,1,2
"1875","detailed study",1,1,2
"1876","detroit tigers",1,1,2
"1877","developing pneumonia",1,1,2
"1878","di rectors",1,1,2
"1879","dickerson robert",1,1,2
"1880","died late",1,1,2
"1881","difficult job",1,1,2
"1882","dinner meeting",1,1,2
"1883","direct attention",1,1,2
"1884","direct supervision",1,1,2
"1885","director baltimore",1,1,2
"1886","discuss cheltenham",1,1,2
"1887","district comprising",1,1,2
"1888","doctors nurses",1,1,2
"1889","double barrel",1,1,2
"1890","downtown section",1,1,2
"1891","dozen white",1,1,2
"1892","dr albert",1,1,2
"1893","dr alfred",1,1,2
"1894","dr bragg",1,1,2
"1895","dr chas",1,1,2
"1896","dr hugh",1,1,2
"1897","dr ivan",1,1,2
"1898","dr jones",1,1,2
"1899","draw salaries",1,1,2
"1900","dual system",1,1,2
"1901","duties march",1,1,2
"1902","earnestly hoped",1,1,2
"1903","east fayette",1,1,2
"1904","east orange",1,1,2
"1905","eden street",1,1,2
"1906","editor's note",1,1,2
"1907","education supervisor",1,1,2
"1908","educational advantages",1,1,2
"1909","edward brown",1,1,2
"1910","edward gross",1,1,2
"1911","efficiently conducted",1,1,2
"1912","elementary education",1,1,2
"1913","eleventh ward",1,1,2
"1914","elizabeth brown",1,1,2
"1915","emergency relief",1,1,2
"1916","employ ment",1,1,2
"1917","employment office",1,1,2
"1918","en tered",1,1,2
"1919","enforcement officers",1,1,2
"1920","ensor street",1,1,2
"1921","entire staff",1,1,2
"1922","enviable reputation",1,1,2
"1923","epworth league",1,1,2
"1924","establish ment",1,1,2
"1925","evening meal",1,1,2
"1926","evening news",1,1,2
"1927","excellent institution",1,1,2
"1928","executive mansion",1,1,2
"1929","factional fight",1,1,2
"1930","factory building",1,1,2
"1931","faculty committee",1,1,2
"1932","fair chance",1,1,2
"1933","fair held",1,1,2
"1934","fair minded",1,1,2
"1935","falling short",1,1,2
"1936","falls road",1,1,2
"1937","fatally injured",1,1,2
"1938","fatally injuring",1,1,2
"1939","fatally shot",1,1,2
"1940","father brought",1,1,2
"1941","favorable action",1,1,2
"1942","february 1",1,1,2
"1943","february 8",1,1,2
"1944","federal authorities",1,1,2
"1945","federal public",1,1,2
"1946","feet 11",1,1,2
"1947","feet 4",1,1,2
"1948","fewer boys",1,1,2
"1949","field meet",1,1,2
"1950","fine rep",1,1,2
"1951","finger nails",1,1,2
"1952","fire fighting",1,1,2
"1953","fire recently",1,1,2
"1954","fitzhugh lee",1,1,2
"1955","fort bragg",1,1,2
"1956","fortunate boys",1,1,2
"1957","forty boys",1,1,2
"1958","forty days",1,1,2
"1959","fourth congressional",1,1,2
"1960","fourth street",1,1,2
"1961","france germany",1,1,2
"1962","franklin field",1,1,2
"1963","frederick thomas",1,1,2
"1964","friend miss",1,1,2
"1965","fundamental difference",1,1,2
"1966","funds sufficient",1,1,2
"1967","future employment",1,1,2
"1968","gasoline explosion",1,1,2
"1969","gen eral",1,1,2
"1970","generation ago",1,1,2
"1971","george jackson",1,1,2
"1972","girls 1,500",1,1,2
"1973","girls received",1,1,2
"1974","gold bars",1,1,2
"1975","gov herbert",1,1,2
"1976","governing cheltenham",1,1,2
"1977","governor declined",1,1,2
"1978","governor harrington",1,1,2
"1979","governor listed",1,1,2
"1980","governor's budget",1,1,2
"1981","governor's report",1,1,2
"1982","graduating class",1,1,2
"1983","grand master",1,1,2
"1984","granville haskill",1,1,2
"1985","greatly improve",1,1,2
"1986","greene street",1,1,2
"1987","gressive program",1,1,2
"1988","grove pa",1,1,2
"1989","growing rapidly",1,1,2
"1990","half century",1,1,2
"1991","half hearted",1,1,2
"1992","hall st",1,1,2
"1993","ham board",1,1,2
"1994","hardened criminal",1,1,2
"1995","harris james",1,1,2
"1996","harris white",1,1,2
"1997","harry cohen",1,1,2
"1998","harry smith",1,1,2
"1999","haven conn",1,1,2
"2000","hayes commanding",1,1,2
"2001","head cheltenham",1,1,2
"2002","head named",1,1,2
"2003","health authorities",1,1,2
"2004","hear evidence",1,1,2
"2005","heartily indorse",1,1,2
"2006","hearty approval",1,1,2
"2007","hearty support",1,1,2
"2008","hebron md",1,1,2
"2009","held sunday",1,1,2
"2010","held thursday",1,1,2
"2011","helpers day",1,1,2
"2012","henry taylor",1,1,2
"2013","henry told",1,1,2
"2014","hill john",1,1,2
"2015","hold membership",1,1,2
"2016","home 10,000",1,1,2
"2017","home care",1,1,2
"2018","home missionary",1,1,2
"2019","home sunday",1,1,2
"2020","homewood field",1,1,2
"2021","honor judge",1,1,2
"2022","hospital baltimore",1,1,2
"2023","house city",1,1,2
"2024","housing projects",1,1,2
"2025","housing units",1,1,2
"2026","human relations",1,1,2
"2027","hundred colored",1,1,2
"2028","hundred motorists",1,1,2
"2029","ideal spot",1,1,2
"2030","implied criticism",1,1,2
"2031","improvement noted",1,1,2
"2032","infant asylum",1,1,2
"2033","injuries smith",1,1,2
"2034","injury received",1,1,2
"2035","inmates receive",1,1,2
"2036","inspection trip",1,1,2
"2037","institute habeas",1,1,2
"2038","institution 1",1,1,2
"2039","institution st",1,1,2
"2040","institution's hospital",1,1,2
"2041","intelligent white",1,1,2
"2042","international labor",1,1,2
"2043","interracial committee",1,1,2
"2044","interracial relations",1,1,2
"2045","investigating committee",1,1,2
"2046","irregular desultory",1,1,2
"2047","island city",1,1,2
"2048","ivan queen",1,1,2
"2049","jail pending",1,1,2
"2050","james drury",1,1,2
"2051","james jones",1,1,2
"2052","january 18",1,1,2
"2053","january 20",1,1,2
"2054","january 27",1,1,2
"2055","john parker",1,1,2
"2056","john smith",1,1,2
"2057","john walter",1,1,2
"2058","john williams",1,1,2
"2059","johnny brown",1,1,2
"2060","jones immediately",1,1,2
"2061","jones thomas",1,1,2
"2062","joseph brown",1,1,2
"2063","jr william",1,1,2
"2064","judge duncan",1,1,2
"2065","judge henry",1,1,2
"2066","judge rose",1,1,2
"2067","judge stein",1,1,2
"2068","july 14",1,1,2
"2069","june 23",1,1,2
"2070","june 25",1,1,2
"2071","june 29",1,1,2
"2072","june 6",1,1,2
"2073","june 9",1,1,2
"2074","junior account",1,1,2
"2075","junior department",1,1,2
"2076","junior stenographer",1,1,2
"2077","jury declared",1,1,2
"2078","jury heard",1,1,2
"2079","jury investigated",1,1,2
"2080","jury recommend",1,1,2
"2081","jury submitted",1,1,2
"2082","jury testified",1,1,2
"2083","jury urged",1,1,2
"2084","jury urges",1,1,2
"2085","jury witnesses",1,1,2
"2086","juvenile institution",1,1,2
"2087","juvenile prisoners",1,1,2
"2088","labor day",1,1,2
"2089","labor defense",1,1,2
"2090","laboratory technicians",1,1,2
"2091","lacks funds",1,1,2
"2092","lafayette avenues",1,1,2
"2093","larger appropriations",1,1,2
"2094","larger boy",1,1,2
"2095","largest single",1,1,2
"2096","late father",1,1,2
"2097","late harry",1,1,2
"2098","late sunday",1,1,2
"2099","law abiding",1,1,2
"2100","leather whip",1,1,2
"2101","leave immediately",1,1,2
"2102","leaving cheltenham",1,1,2
"2103","lee white",1,1,2
"2104","left annapolis",1,1,2
"2105","left cheltenham",1,1,2
"2106","legis lature",1,1,2
"2107","letters received",1,1,2
"2108","light sentence",1,1,2
"2109","lincoln neb",1,1,2
"2110","lincoln school",1,1,2
"2111","liquor charges",1,1,2
"2112","lloyd jr",1,1,2
"2113","local club",1,1,2
"2114","local reform",1,1,2
"2115","local war",1,1,2
"2116","lombard st",1,1,2
"2117","lombard streets",1,1,2
"2118","lost control",1,1,2
"2119","lost sight",1,1,2
"2120","lower merion",1,1,2
"2121","lump sum",1,1,2
"2122","lynching bill",1,1,2
"2123","mail carrier",1,1,2
"2124","main question",1,1,2
"2125","man's home",1,1,2
"2126","manpower commission",1,1,2
"2127","maple trees",1,1,2
"2128","march 9",1,1,2
"2129","mark's church",1,1,2
"2130","market frederick",1,1,2
"2131","martha washington",1,1,2
"2132","martin james",1,1,2
"2133","mary's ind",1,1,2
"2134","maryland defense",1,1,2
"2135","maryland prison",1,1,2
"2136","maryland republican",1,1,2
"2137","maryland scholarships",1,1,2
"2138","maryland's reform",1,1,2
"2139","maryland's reformatory",1,1,2
"2140","master's degree",1,1,2
"2141","mayor howard",1,1,2
"2142","mayor william",1,1,2
"2143","mcmechen street",1,1,2
"2144","md george",1,1,2
"2145","md henry",1,1,2
"2146","meat ration",1,1,2
"2147","medical association",1,1,2
"2148","medical college",1,1,2
"2149","meeting adjourned",1,1,2
"2150","meeting sponsored",1,1,2
"2151","melvale baltimore",1,1,2
"2152","melvale industrial",1,1,2
"2153","middle atlantic",1,1,2
"2154","minded colored",1,1,2
"2155","minor children",1,1,2
"2156","miss adeline",1,1,2
"2157","miss ann",1,1,2
"2158","miss anne",1,1,2
"2159","miss bessie",1,1,2
"2160","miss ella",1,1,2
"2161","miss etta",1,1,2
"2162","miss florence",1,1,2
"2163","miss georgianna",1,1,2
"2164","miss grace",1,1,2
"2165","miss jean",1,1,2
"2166","miss joan",1,1,2
"2167","miss lillian",1,1,2
"2168","miss marjorie",1,1,2
"2169","miss muriel",1,1,2
"2170","miss rosa",1,1,2
"2171","miss sarah",1,1,2
"2172","missionary society",1,1,2
"2173","mitchell miss",1,1,2
"2174","modern equipment",1,1,2
"2175","montgomery street",1,1,2
"2176","month term",1,1,2
"2177","moore john",1,1,2
"2178","moral life",1,1,2
"2179","morning judge",1,1,2
"2180","mt washington",1,1,2
"2181","muriel rahn",1,1,2
"2182","music instructor",1,1,2
"2183","mystic shrine",1,1,2
"2184","named supervisor",1,1,2
"2185","narrow escape",1,1,2
"2186","neglected colored",1,1,2
"2187","negro passengers",1,1,2
"2188","negro preacher",1,1,2
"2189","negro workers",1,1,2
"2190","newly created",1,1,2
"2191","nice favors",1,1,2
"2192","night clubs",1,1,2
"2193","night miss",1,1,2
"2194","noon meal",1,1,2
"2195","northwestern university",1,1,2
"2196","november 10",1,1,2
"2197","november 17",1,1,2
"2198","oakland md",1,1,2
"2199","objectors assigned",1,1,2
"2200","oblate sisters",1,1,2
"2201","obtain accurate",1,1,2
"2202","oct 7",1,1,2
"2203","october 10",1,1,2
"2204","october 23",1,1,2
"2205","october 7",1,1,2
"2206","offer suggestions",1,1,2
"2207","office 2",1,1,2
"2208","office boy",1,1,2
"2209","office dr",1,1,2
"2210","officers elected",1,1,2
"2211","officers testified",1,1,2
"2212","officials refused",1,1,2
"2213","oklahoma city",1,1,2
"2214","operated institution",1,1,2
"2215","operating cost",1,1,2
"2216","opportunities dr",1,1,2
"2217","organization meeting",1,1,2
"2218","original purpose",1,1,2
"2219","originally scheduled",1,1,2
"2220","orphan child",1,1,2
"2221","outstanding citizens",1,1,2
"2222","owned house",1,1,2
"2223","p.m thursday",1,1,2
"2224","pa clarence",1,1,2
"2225","pa july",1,1,2
"2226","park school",1,1,2
"2227","parole office",1,1,2
"2228","past twelve",1,1,2
"2229","past twenty",1,1,2
"2230","past week",1,1,2
"2231","pastor rev",1,1,2
"2232","patterson avenue",1,1,2
"2233","pay 200",1,1,2
"2234","penitentiary 1",1,1,2
"2235","penitentiary house",1,1,2
"2236","pennsylvania ave",1,1,2
"2237","pennsylvania relay",1,1,2
"2238","people's money",1,1,2
"2239","personal contact",1,1,2
"2240","personal privilege",1,1,2
"2241","persons coming",1,1,2
"2242","persons suggested",1,1,2
"2243","pfc edward",1,1,2
"2244","phi alpha",1,1,2
"2245","philadelphia branch",1,1,2
"2246","philip hayes",1,1,2
"2247","phoebus rep",1,1,2
"2248","physical conditions",1,1,2
"2249","piece band",1,1,2
"2250","play baseball",1,1,2
"2251","playing football",1,1,2
"2252","police boat",1,1,2
"2253","police brought",1,1,2
"2254","police car",1,1,2
"2255","police officials",1,1,2
"2256","police report",1,1,2
"2257","police testified",1,1,2
"2258","police thursday",1,1,2
"2259","political office",1,1,2
"2260","poor boys",1,1,2
"2261","poor health",1,1,2
"2262","poorly lighted",1,1,2
"2263","popular songs",1,1,2
"2264","popular writers",1,1,2
"2265","port covington",1,1,2
"2266","portland ore",1,1,2
"2267","post graduate",1,1,2
"2268","practical solution",1,1,2
"2269","preliminary hearing",1,1,2
"2270","pressing necessity",1,1,2
"2271","previous records",1,1,2
"2272","private hands",1,1,2
"2273","private instruction",1,1,2
"2274","probe cheltenham",1,1,2
"2275","production management",1,1,2
"2276","professional courses",1,1,2
"2277","professional training",1,1,2
"2278","proper discipline",1,1,2
"2279","proper moral",1,1,2
"2280","properly qualified",1,1,2
"2281","proposed addition",1,1,2
"2282","proposed bond",1,1,2
"2283","proposed institution",1,1,2
"2284","provide equal",1,1,2
"2285","provide sufficient",1,1,2
"2286","provident hos",1,1,2
"2287","public auction",1,1,2
"2288","public clamor",1,1,2
"2289","public housing",1,1,2
"2290","public libraries",1,1,2
"2291","public meeting",1,1,2
"2292","public official",1,1,2
"2293","racial commission",1,1,2
"2294","racial situation",1,1,2
"2295","receive proper",1,1,2
"2296","received notice",1,1,2
"2297","received prizes",1,1,2
"2298","receiving scholarships",1,1,2
"2299","recent convention",1,1,2
"2300","recent riot",1,1,2
"2301","recent visit",1,1,2
"2302","recently elected",1,1,2
"2303","recently installed",1,1,2
"2304","recreation center",1,1,2
"2305","recreation program",1,1,2
"2306","reformation located",1,1,2
"2307","reformatory grand",1,1,2
"2308","reformatory thursday",1,1,2
"2309","registered voter",1,1,2
"2310","relay carnival",1,1,2
"2311","remedial steps",1,1,2
"2312","rented quarters",1,1,2
"2313","rep somerset",1,1,2
"2314","report declared",1,1,2
"2315","reported critically",1,1,2
"2316","reported missing",1,1,2
"2317","republican national",1,1,2
"2318","republican primaries",1,1,2
"2319","retarded mentally",1,1,2
"2320","rev carl",1,1,2
"2321","rev daniel",1,1,2
"2322","ring leader",1,1,2
"2323","river md",1,1,2
"2324","robert anderson",1,1,2
"2325","robert moss",1,1,2
"2326","robert roberts",1,1,2
"2327","robert ward",1,1,2
"2328","rock hill",1,1,2
"2329","rosenwald fund",1,1,2
"2330","round decision",1,1,2
"2331","royal family",1,1,2
"2332","rural districts",1,1,2
"2333","salary range",1,1,2
"2334","salary scale",1,1,2
"2335","samuel gompers",1,1,2
"2336","sarah ann",1,1,2
"2337","satisfactory service",1,1,2
"2338","saturday cheltenham",1,1,2
"2339","school 2",1,1,2
"2340","school band",1,1,2
"2341","school conducted",1,1,2
"2342","school fund",1,1,2
"2343","school girls",1,1,2
"2344","school hospital",1,1,2
"2345","school hours",1,1,2
"2346","school purposes",1,1,2
"2347","school st",1,1,2
"2348","school taught",1,1,2
"2349","school teach",1,1,2
"2350","school's curriculum",1,1,2
"2351","scott jr",1,1,2
"2352","scout troop",1,1,2
"2353","sea food",1,1,2
"2354","secre tary",1,1,2
"2355","senate bill",1,1,2
"2356","senate governor",1,1,2
"2357","send colored",1,1,2
"2358","sept 21",1,1,2
"2359","sept 22",1,1,2
"2360","service examination",1,1,2
"2361","service regulations",1,1,2
"2362","services rendered",1,1,2
"2363","severe corporal",1,1,2
"2364","shaking hands",1,1,2
"2365","similar bill",1,1,2
"2366","similar situation",1,1,2
"2367","sir 1",1,1,2
"2368","situation exists",1,1,2
"2369","sixteen hours",1,1,2
"2370","sixty days",1,1,2
"2371","skilled workers",1,1,2
"2372","slightly wounded",1,1,2
"2373","smith chairman",1,1,2
"2374","smoke filled",1,1,2
"2375","social activities",1,1,2
"2376","social life",1,1,2
"2377","son henry",1,1,2
"2378","south pacific",1,1,2
"2379","special cars",1,1,2
"2380","special training",1,1,2
"2381","spending money",1,1,2
"2382","spot zoning",1,1,2
"2383","st charles",1,1,2
"2384","standard bearer",1,1,2
"2385","stealing 25",1,1,2
"2386","stockton street",1,1,2
"2387","stole 30",1,1,2
"2388","stolen car",1,1,2
"2389","street bridge",1,1,2
"2390","struck boys",1,1,2
"2391","substantial brick",1,1,2
"2392","summit avenue",1,1,2
"2393","sunday baltimore",1,1,2
"2394","superintendent sunderland",1,1,2
"2395","superintendent tells",1,1,2
"2396","support dr",1,1,2
"2397","suspended sentence",1,1,2
"2398","takes charge",1,1,2
"2399","tampa fla",1,1,2
"2400","taxpayers money",1,1,2
"2401","teaching career",1,1,2
"2402","team scored",1,1,2
"2403","team won",1,1,2
"2404","telegraph office",1,1,2
"2405","telephone call",1,1,2
"2406","tennis tournament",1,1,2
"2407","thomas 49",1,1,2
"2408","thomas brown",1,1,2
"2409","thomas joyce",1,1,2
"2410","thursday twenty",1,1,2
"2411","time limit",1,1,2
"2412","time spent",1,1,2
"2413","tobacco barn",1,1,2
"2414","total enrollment",1,1,2
"2415","track team",1,1,2
"2416","trained colored",1,1,2
"2417","trained staff",1,1,2
"2418","trenton n.j",1,1,2
"2419","tuberculosis hospital",1,1,2
"2420","tulsa oklahoma",1,1,2
"2421","tunnell warden",1,1,2
"2422","turkey dinner",1,1,2
"2423","turner 26",1,1,2
"2424","twenty days",1,1,2
"2425","union local",1,1,2
"2426","university alumni",1,1,2
"2427","university law",1,1,2
"2428","university professor",1,1,2
"2429","unsatisfactory conditions",1,1,2
"2430","urges colored",1,1,2
"2431","va hampton",1,1,2
"2432","vacancy caused",1,1,2
"2433","van lear",1,1,2
"2434","vice squad",1,1,2
"2435","vincent's infant",1,1,2
"2436","voluntary contributions",1,1,2
"2437","wage earners",1,1,2
"2438","walter smith",1,1,2
"2439","war effort",1,1,2
"2440","washington mother",1,1,2
"2441","washington philadelphia",1,1,2
"2442","water colors",1,1,2
"2443","water lines",1,1,2
"2444","water system",1,1,2
"2445","waters pastor",1,1,2
"2446","weather conditions",1,1,2
"2447","wednesday october",1,1,2
"2448","weekly meeting",1,1,2
"2449","weekly publication",1,1,2
"2450","weeks previously",1,1,2
"2451","weeks trip",1,1,2
"2452","wheeling w.va",1,1,2
"2453","white baltimore",1,1,2
"2454","white house",1,1,2
"2455","white officials",1,1,2
"2456","white school",1,1,2
"2457","wholesome bread",1,1,2
"2458","william clark",1,1,2
"2459","william jackson",1,1,2
"2460","william wiggins",1,1,2
"2461","williams dr",1,1,2
"2462","wilson helen",1,1,2
"2463","wilson miss",1,1,2
"2464","wilson street",1,1,2
"2465","windows broken",1,1,2
"2466","woman's home",1,1,2
"2467","workers boys",1,1,2
"2468","world famous",1,1,2
"2469","worst form",1,1,2
"2470","worst reform",1,1,2
"2471","wounds inflicted",1,1,2
"2472","yale university",1,1,2
"2473","youngsters 20",1,1,2
"2474","youthful violators",1,1,2
"2475","youths george",1,1,2
